Profile,CP_kg,KS_Avail,KS_Req,DSPS_Avail,DSPS_Req,Success
direct_entry,0.0,4650.5932751911905,3483.830424262149,1452.7515499583783,300.0,True
direct_entry,1.0,4647.149848433444,3483.830424262149,1446.4596701796002,300.0,True
direct_entry,2.0,4643.712231250068,3483.830424262149,1440.223210314107,300.0,True
direct_entry,3.0,4640.280407325484,3483.830424262149,1434.041426551979,300.0,True
direct_entry,4.0,4636.85436041001,3483.830424262149,1427.913588585358,300.0,True
direct_entry,5.0,4633.434074319506,3483.830424262149,1421.8389792981886,300.0,True
direct_entry,6.0,4630.019532935029,3483.830424262149,1415.8168944646077,300.0,True
direct_entry,7.0,4626.610720202482,3483.830424262149,1409.8466424556966,300.0,True
direct_entry,8.0,4623.20762013228,3483.830424262149,1403.92754395433,300.0,True
direct_entry,9.0,4619.810216798991,3483.830424262149,1398.0589316778437,300.0,True
direct_entry,10.0,4616.418494341018,3483.830424262149,1392.240150108289,300.0,True
direct_entry,11.0,4613.032436960246,3483.830424262149,1386.470555230011,300.0,True
direct_entry,12.0,4609.652028921713,3483.830424262149,1380.7495142743287,300.0,True
direct_entry,13.0,4606.27725455328,3483.830424262149,1375.0764054710844,300.0,True
direct_entry,14.0,4602.908098245295,3483.830424262149,1369.450617806848,300.0,True
direct_entry,15.0,4599.5445444502675,3483.830424262149,1363.8715507895658,300.0,True
direct_entry,16.0,4596.186577682545,3483.830424262149,1358.3386142194506,300.0,True
direct_entry,17.0,4592.834182517986,3483.830424262149,1352.8512279659194,300.0,True
direct_entry,18.0,4589.487343593633,3483.830424262149,1347.4088217503904,300.0,True
direct_entry,19.0,4586.146045607407,3483.830424262149,1342.0108349347602,300.0,True
direct_entry,20.0,4582.810273317776,3483.830424262149,1336.6567163153811,300.0,True
direct_entry,21.0,4579.480011543445,3483.830424262149,1331.345923922376,300.0,True
direct_entry,22.0,4576.155245163041,3483.830424262149,1326.0779248241288,300.0,True
direct_entry,23.0,4572.8359591148055,3483.830424262149,1320.852194936783,300.0,True
direct_entry,24.0,4569.522138396281,3483.830424262149,1315.668218838614,300.0,True
direct_entry,25.0,4566.213768064001,3483.830424262149,1310.5254895891126,300.0,True
direct_entry,26.0,4562.9108332331925,3483.830424262149,1305.4235085526486,300.0,True
direct_entry,27.0,4559.613319077464,3483.830424262149,1300.3617852265781,300.0,True
direct_entry,28.0,4556.3212108285115,3483.830424262149,1295.3398370736554,300.0,True
direct_entry,29.0,4553.03449377581,3483.830424262149,1290.357189358631,300.0,True
direct_entry,30.0,4549.753153266325,3483.830424262149,1285.413374988907,300.0,True
direct_entry,31.0,4546.477174704211,3483.830424262149,1280.507934359138,300.0,True
direct_entry,32.0,4543.206543550518,3483.830424262149,1275.6404151996517,300.0,True
direct_entry,33.0,4539.941245322901,3483.830424262149,1270.8103724285918,300.0,True
direct_entry,34.0,4536.68126559533,3483.830424262149,1266.0173680076668,300.0,True
direct_entry,35.0,4533.426589997798,3483.830424262149,1261.2609708014018,300.0,True
direct_entry,36.0,4530.177204216043,3483.830424262149,1256.5407564397997,300.0,True
direct_entry,37.0,4526.93309399125,3483.830424262149,1251.8563071843078,300.0,True
direct_entry,38.0,4523.694245119781,3483.830424262149,1247.2072117969988,300.0,True
direct_entry,39.0,4520.460643452889,3483.830424262149,1242.5930654128763,300.0,True
direct_entry,40.0,4517.232274896434,3483.830424262149,1238.0134694152177,300.0,True
direct_entry,41.0,4514.0091254106155,3483.830424262149,1233.4680313138656,300.0,True
direct_entry,42.0,4510.791181009685,3483.830424262149,1228.9563646263903,300.0,True
direct_entry,43.0,4507.578427761682,3483.830424262149,1224.4780887620425,300.0,True
direct_entry,44.0,4504.370851788157,3483.830424262149,1220.0328289084173,300.0,True
direct_entry,45.0,4501.168439263902,3483.830424262149,1215.6202159207562,300.0,True
direct_entry,46.0,4497.971176416679,3483.830424262149,1211.239886213818,300.0,True
direct_entry,47.0,4494.779049526957,3483.830424262149,1206.891481656242,300.0,True
direct_entry,48.0,4491.5920449276455,3483.830424262149,1202.574649467342,300.0,True
direct_entry,49.0,4488.4101490038265,3483.830424262149,1198.2890421162617,300.0,True
direct_entry,50.0,4485.233348192498,3483.830424262149,1194.0343172234334,300.0,True
direct_entry,51.0,4482.061628982311,3483.830424262149,1189.8101374642658,300.0,True
direct_entry,52.0,4478.894977913307,3483.830424262149,1185.6161704750214,300.0,True
direct_entry,53.0,4475.733381576669,3483.830424262149,1181.4520887608028,300.0,True
direct_entry,54.0,4472.576826614458,3483.830424262149,1177.3175696056107,300.0,True
direct_entry,55.0,4469.425299719363,3483.830424262149,1173.2122949844083,300.0,True
direct_entry,56.0,4466.278787634444,3483.830424262149,1169.135951477143,300.0,True
direct_entry,57.0,4463.13727715289,3483.830424262149,1165.0882301846743,300.0,True
direct_entry,58.0,4460.00075511776,3483.830424262149,1161.0688266465575,300.0,True
direct_entry,59.0,4456.869208421738,3483.830424262149,1157.077440760635,300.0,True
direct_entry,60.0,4453.742624006893,3483.830424262149,1153.1137767043897,300.0,True
direct_entry,61.0,4450.620988864422,3483.830424262149,1149.1775428580142,300.0,True
direct_entry,62.0,4447.504290034418,3483.830424262149,1145.2684517291511,300.0,True
direct_entry,63.0,4444.392514605622,3483.830424262149,1141.3862198792647,300.0,True
direct_entry,64.0,4441.285649715184,3483.830424262149,1137.530567851597,300.0,True
direct_entry,65.0,4438.183682548428,3483.830424262149,1133.7012201006753,300.0,True
direct_entry,66.0,4435.0866003386045,3483.830424262149,1129.897904923327,300.0,True
direct_entry,67.0,4431.994390366668,3483.830424262149,1126.1203543911636,300.0,True
direct_entry,68.0,4428.907039961032,3483.830424262149,1122.3683042845018,300.0,True
direct_entry,69.0,4425.824536497341,3483.830424262149,1118.6414940276793,300.0,True
direct_entry,70.0,4422.746867398236,3483.830424262149,1114.9396666257353,300.0,True
direct_entry,71.0,4419.674020133127,3483.830424262149,1111.2625686024237,300.0,True
direct_entry,72.0,4416.605982217964,3483.830424262149,1107.6099499395177,300.0,True
direct_entry,73.0,4413.542741215007,3483.830424262149,1103.981564017383,300.0,True
direct_entry,74.0,4410.484284732601,3483.830424262149,1100.3771675567875,300.0,True
direct_entry,75.0,4407.430600424954,3483.830424262149,1096.7965205619066,300.0,True
direct_entry,76.0,4404.381675991912,3483.830424262149,1093.2393862645122,300.0,True
direct_entry,77.0,4401.337499178733,3483.830424262149,1089.705531069305,300.0,True
direct_entry,78.0,4398.298057775874,3483.830424262149,1086.1947245003626,300.0,True
direct_entry,79.0,4395.2633396187675,3483.830424262149,1082.7067391486833,300.0,True
direct_entry,80.0,4392.2333325876,3483.830424262149,1079.2413506207943,300.0,True
direct_entry,81.0,4389.208024607104,3483.830424262149,1075.7983374883997,300.0,True
direct_entry,82.0,4386.187403646334,3483.830424262149,1072.377481239044,300.0,True
direct_entry,83.0,4383.17145771846,3483.830424262149,1068.9785662277689,300.0,True
direct_entry,84.0,4380.160174880551,3483.830424262149,1065.601379629737,300.0,True
direct_entry,85.0,4377.153543233358,3483.830424262149,1062.2457113937985,300.0,True
direct_entry,86.0,4374.151550921116,3483.830424262149,1058.911354196988,300.0,True
direct_entry,87.0,4371.154186131327,3483.830424262149,1055.5981033999137,300.0,True
direct_entry,88.0,4368.161437094553,3483.830424262149,1052.3057570030367,300.0,True
direct_entry,89.0,4365.173292084208,3483.830424262149,1049.034115603804,300.0,True
direct_entry,90.0,4362.18973941636,3483.830424262149,1045.7829823546235,300.0,True
direct_entry,91.0,4359.210767449519,3483.830424262149,1042.5521629216648,300.0,True
direct_entry,92.0,4356.23636458444,3483.830424262149,1039.3414654444543,300.0,True
direct_entry,93.0,4353.266519263914,3483.830424262149,1036.1507004962605,300.0,True
direct_entry,94.0,4350.301219972579,3483.830424262149,1032.9796810452438,300.0,True
direct_entry,95.0,4347.340455236707,3483.830424262149,1029.8282224163545,300.0,True
direct_entry,96.0,4344.384213624021,3483.830424262149,1026.696142253962,300.0,True
direct_entry,97.0,4341.432483743482,3483.830424262149,1023.583260485202,300.0,True
direct_entry,98.0,4338.48525424511,3483.830424262149,1020.48939928402,300.0,True
direct_entry,99.0,4335.542513819776,3483.830424262149,1017.4143830359005,300.0,True
direct_entry,100.0,4332.604251199014,3483.830424262149,1014.3580383032632,300.0,True
direct_entry,101.0,4329.670455154831,3483.830424262149,1011.3201937915146,300.0,True
direct_entry,102.0,4326.741114499511,3483.830424262149,1008.3006803157366,300.0,True
direct_entry,103.0,4323.81621808543,3483.830424262149,1005.2993307680008,300.0,True
direct_entry,104.0,4320.895754804862,3483.830424262149,1002.3159800852953,300.0,True
direct_entry,105.0,4317.979713589795,3483.830424262149,999.3504652180462,300.0,True
direct_entry,106.0,4315.068083411743,3483.830424262149,996.402625099229,300.0,True
direct_entry,107.0,4312.160853281562,3483.830424262149,993.4723006140451,300.0,True
direct_entry,108.0,4309.258012249261,3483.830424262149,990.5593345701656,300.0,True
direct_entry,109.0,4306.359549403825,3483.830424262149,987.663571668514,300.0,True
direct_entry,110.0,4303.465453873027,3483.830424262149,984.7848584745939,300.0,True
direct_entry,111.0,4300.5757148232515,3483.830424262149,981.923043390333,300.0,True
direct_entry,112.0,4297.690321459308,3483.830424262149,979.0779766264436,300.0,True
direct_entry,113.0,4294.809263024258,3483.830424262149,976.2495101752859,300.0,True
direct_entry,114.0,4291.932528799236,3483.830424262149,973.4374977842198,300.0,True
direct_entry,115.0,4289.060108103268,3483.830424262149,970.6417949294403,300.0,True
direct_entry,116.0,4286.1919902930995,3483.830424262149,967.8622587902807,300.0,True
direct_entry,117.0,4283.32816476302,3483.830424262149,965.0987482239792,300.0,True
direct_entry,118.0,4280.468620944686,3483.830424262149,962.3511237408965,300.0,True
direct_entry,119.0,4277.613348306953,3483.830424262149,959.6192474801704,300.0,True
direct_entry,120.0,4274.762336355698,3483.830424262149,956.9029831858111,300.0,True
direct_entry,121.0,4271.915574633651,3483.830424262149,954.2021961832113,300.0,True
direct_entry,122.0,4269.073052720229,3483.830424262149,951.5167533560772,300.0,True
direct_entry,123.0,4266.234760231355,3483.830424262149,948.8465231237606,300.0,True
direct_entry,124.0,4263.400686819306,3483.830424262149,946.1913754189945,300.0,True
direct_entry,125.0,4260.570822172533,3483.830424262149,943.5511816660121,300.0,True
direct_entry,126.0,4257.745156015498,3483.830424262149,940.9258147590498,300.0,True
direct_entry,127.0,4254.923678108512,3483.830424262149,938.315149041226,300.0,True
direct_entry,128.0,4252.106378247571,3483.830424262149,935.7190602837826,300.0,True
direct_entry,129.0,4249.293246264187,3483.830424262149,933.1374256656871,300.0,True
direct_entry,130.0,4246.484272025226,3483.830424262149,930.5701237535843,300.0,True
direct_entry,131.0,4243.679445432757,3483.830424262149,928.017034482095,300.0,True
direct_entry,132.0,4240.878756423878,3483.830424262149,925.4780391344508,300.0,True
direct_entry,133.0,4238.082194970562,3483.830424262149,922.9530203234569,300.0,True
direct_entry,134.0,4235.2897510795,3483.830424262149,920.4418619727829,300.0,True
direct_entry,135.0,4232.501414791941,3483.830424262149,917.9444492985702,300.0,True
direct_entry,136.0,4229.717176183535,3483.830424262149,915.4606687913476,300.0,True
direct_entry,137.0,4226.9370253641755,3483.830424262149,912.9904081982553,300.0,True
direct_entry,138.0,4224.160952477848,3483.830424262149,910.5335565055665,300.0,True
direct_entry,139.0,4221.388947702471,3483.830424262149,908.0900039215035,300.0,True
direct_entry,140.0,4218.6210012497495,3483.830424262149,905.6596418593374,300.0,True
direct_entry,141.0,4215.857103365012,3483.830424262149,903.2423629207742,300.0,True
direct_entry,142.0,4213.097244327069,3483.830424262149,900.8380608796141,300.0,True
direct_entry,143.0,4210.341414448056,3483.830424262149,898.4466306656828,300.0,True
direct_entry,144.0,4207.589604073283,3483.830424262149,896.0679683490279,300.0,True
direct_entry,145.0,4204.841803581093,3483.830424262149,893.7019711243754,300.0,True
direct_entry,146.0,4202.098003382701,3483.830424262149,891.3485372958443,300.0,True
direct_entry,147.0,4199.358193922059,3483.830424262149,889.0075662619055,300.0,True
direct_entry,148.0,4196.6223656757,3483.830424262149,886.6789585005951,300.0,True
direct_entry,149.0,4193.890509152597,3483.830424262149,884.3626155549598,300.0,True
direct_entry,150.0,4191.162614894016,3483.830424262149,882.0584400187456,300.0,True
direct_entry,151.0,4188.4386734733735,3483.830424262149,879.7663355223156,300.0,True
direct_entry,152.0,4185.718675496089,3483.830424262149,877.4862067187917,300.0,True
direct_entry,153.0,4183.002611599449,3483.830424262149,875.2179592704283,300.0,True
direct_entry,154.0,4180.290472452458,3483.830424262149,872.9614998351955,300.0,True
direct_entry,155.0,4177.582248755701,3483.830424262149,870.7167360535843,300.0,True
direct_entry,156.0,4174.8779312412025,3483.830424262149,868.4835765356185,300.0,True
direct_entry,157.0,4172.177510672289,3483.830424262149,866.2619308480729,300.0,True
direct_entry,158.0,4169.480977843445,3483.830424262149,864.0517095018995,300.0,True
direct_entry,159.0,4166.788323580179,3483.830424262149,861.8528239398485,300.0,True
direct_entry,160.0,4164.099538738888,3483.830424262149,859.6651865242844,300.0,True
direct_entry,161.0,4161.414614206715,3483.830424262149,857.4887105251979,300.0,True
direct_entry,162.0,4158.733540901419,3483.830424262149,855.3233101084038,300.0,True
direct_entry,163.0,4156.056309771237,3483.830424262149,853.1689003239218,300.0,True
direct_entry,164.0,4153.382911794746,3483.830424262149,851.025397094543,300.0,True
direct_entry,165.0,4150.71333798074,3483.830424262149,848.8927172045724,300.0,True
direct_entry,166.0,4148.047579368088,3483.830424262149,846.7707782887458,300.0,True
direct_entry,167.0,4145.385627025606,3483.830424262149,844.6594988213195,300.0,True
direct_entry,168.0,4142.72747205192,3483.830424262149,842.5587981053282,300.0,True
direct_entry,169.0,4140.073105575346,3483.830424262149,840.4685962620091,300.0,True
direct_entry,170.0,4137.422518753748,3483.830424262149,838.3888142203881,300.0,True
direct_entry,171.0,4134.775702774419,3483.830424262149,836.3193737070251,300.0,True
direct_entry,172.0,4132.132648853946,3483.830424262149,834.2601972359171,300.0,True
direct_entry,173.0,4129.493348238084,3483.830424262149,832.2112080985548,300.0,True
direct_entry,174.0,4126.8577922016275,3483.830424262149,830.1723303541308,300.0,True
direct_entry,175.0,4124.225972048291,3483.830424262149,828.1434888198961,300.0,True
direct_entry,176.0,4121.59787911057,3483.830424262149,826.124609061662,300.0,True
direct_entry,177.0,4118.973504749629,3483.830424262149,824.1156173844474,300.0,True
direct_entry,178.0,4116.352840355171,3483.830424262149,822.1164408232639,300.0,True
direct_entry,179.0,4113.7358773453125,3483.830424262149,820.1270071340399,300.0,True
direct_entry,180.0,4111.122607166465,3483.830424262149,818.1472447846844,300.0,True
direct_entry,181.0,4108.513021293207,3483.830424262149,816.1770829462796,300.0,True
direct_entry,182.0,4105.907111228169,3483.830424262149,814.2164514844053,300.0,True
direct_entry,183.0,4103.304868501903,3483.830424262149,812.2652809505948,300.0,True
direct_entry,184.0,4100.706284672774,3483.830424262149,810.3235025739157,300.0,True
direct_entry,185.0,4098.11135132683,3483.830424262149,808.3910482526755,300.0,True
direct_entry,186.0,4095.520060077688,3483.830424262149,806.4678505462477,300.0,True
direct_entry,187.0,4092.932402566412,3483.830424262149,804.5538426670229,300.0,True
direct_entry,188.0,4090.3483704614014,3483.830424262149,802.6489584724713,300.0,True
direct_entry,189.0,4087.7679554582637,3483.830424262149,800.7531324573281,300.0,True
direct_entry,190.0,4085.1911492797108,3483.830424262149,798.866299745887,300.0,True
direct_entry,191.0,4082.61794367543,3483.830424262149,796.9883960844103,300.0,True
direct_entry,192.0,4080.048330421977,3483.830424262149,795.1193578336466,300.0,True
direct_entry,193.0,4077.4823013226587,3483.830424262149,793.2591219614596,300.0,True
direct_entry,194.0,4074.9198482074185,3483.830424262149,791.4076260355589,300.0,True
direct_entry,195.0,4072.360962932722,3483.830424262149,789.5648082163402,300.0,True
direct_entry,196.0,4069.8056373814484,3483.830424262149,787.7306072498251,300.0,True
direct_entry,197.0,4067.253863462772,3483.830424262149,785.9049624607061,300.0,True
direct_entry,198.0,4064.7056331120543,3483.830424262149,784.087813745485,300.0,True
direct_entry,199.0,4062.160938290731,3483.830424262149,782.2791015657157,300.0,True
direct_entry,200.0,4059.619770986204,3483.830424262149,780.4787669413388,300.0,True
direct_entry,201.0,4057.0821232117287,3483.830424262149,778.6867514441121,300.0,True
direct_entry,202.0,4054.5479870063045,3483.830424262149,776.9029971911357,300.0,True
direct_entry,203.0,4052.017354434568,3483.830424262149,775.1274468384653,300.0,True
direct_entry,204.0,4049.490217586684,3483.830424262149,773.3600435748201,300.0,True
direct_entry,205.0,4046.9665685782356,3483.830424262149,771.6007311153736,300.0,True
direct_entry,206.0,4044.4463995501205,3483.830424262149,769.8494536956357,300.0,True
direct_entry,207.0,4041.9297026684444,3483.830424262149,768.1061560654205,300.0,True
direct_entry,208.0,4039.416470124408,3483.830424262149,766.370783482894,300.0,True
direct_entry,209.0,4036.9066941342103,3483.830424262149,764.6432817087106,300.0,True
direct_entry,210.0,4034.400366938942,3483.830424262149,762.9235970002267,300.0,True
direct_entry,211.0,4031.8974808044754,3483.830424262149,761.2116761057944,300.0,True
direct_entry,212.0,4029.3980280213664,3483.830424262149,759.507466259139,300.0,True
direct_entry,213.0,4026.902000904749,3483.830424262149,757.8109151738088,300.0,True
direct_entry,214.0,4024.4093917942323,3483.830424262149,756.1219710377006,300.0,True
direct_entry,215.0,4021.9201930538006,3483.830424262149,754.4405825076681,300.0,True
direct_entry,216.0,4019.434397071707,3483.830424262149,752.7666987041944,300.0,True
direct_entry,217.0,4016.9519962603767,3483.830424262149,751.1002692061445,300.0,True
direct_entry,218.0,4014.472983056304,3483.830424262149,749.4412440455851,300.0,True
direct_entry,219.0,4011.997349919956,3483.830424262149,747.7895737026769,300.0,True
direct_entry,220.0,4009.525089335664,3483.830424262149,746.1452091006352,300.0,True
direct_entry,221.0,4007.0561938115343,3483.830424262149,744.5081016007598,300.0,True
direct_entry,222.0,4004.590655879346,3483.830424262149,742.8782029975313,300.0,True
direct_entry,223.0,4002.128468094451,3483.830424262149,741.2554655137727,300.0,True
direct_entry,224.0,3999.669623035677,3483.830424262149,739.6398417958784,300.0,True
direct_entry,225.0,3997.2141133052337,3483.830424262149,738.0312849091034,300.0,True
direct_entry,226.0,3994.761931528613,3483.830424262149,736.4297483329202,300.0,True
direct_entry,227.0,3992.3130703544925,3483.830424262149,734.8351859564326,300.0,True
direct_entry,228.0,3989.867522454644,3483.830424262149,733.2475520738568,300.0,True
direct_entry,229.0,3987.425280523833,3483.830424262149,731.6668013800545,300.0,True
direct_entry,230.0,3984.986337279728,3483.830424262149,730.0928889661336,300.0,True
direct_entry,231.0,3982.550685462805,3483.830424262149,728.5257703151008,300.0,True
direct_entry,232.0,3980.118317836254,3483.830424262149,726.9654012975744,300.0,True
direct_entry,233.0,3977.689227185884,3483.830424262149,725.4117381675535,300.0,True
direct_entry,234.0,3975.2634063200367,3483.830424262149,723.8647375582427,300.0,True
direct_entry,235.0,3972.8408480694834,3483.830424262149,722.3243564779302,300.0,True
direct_entry,236.0,3970.4215452873464,3483.830424262149,720.7905523059203,300.0,True
direct_entry,237.0,3968.005490848994,3483.830424262149,719.263282788521,300.0,True
direct_entry,238.0,3965.5926776519623,3483.830424262149,717.7425060350818,300.0,True
direct_entry,239.0,3963.1830986158557,3483.830424262149,716.2281805140825,300.0,True
direct_entry,240.0,3960.77674668226,3483.830424262149,714.7202650492751,300.0,True
direct_entry,241.0,3958.3736148146577,3483.830424262149,713.2187188158716,300.0,True
direct_entry,242.0,3955.97369599833,3483.830424262149,711.723501336787,300.0,True
direct_entry,243.0,3953.576983240274,3483.830424262149,710.2345724789243,300.0,True
direct_entry,244.0,3951.183469569114,3483.830424262149,708.7518924495117,300.0,True
direct_entry,245.0,3948.7931480350144,3483.830424262149,707.2754217924846,300.0,True
direct_entry,246.0,3946.406011709589,3483.830424262149,705.8051213849131,300.0,True
direct_entry,247.0,3944.0220536858187,3483.830424262149,704.3409524334792,300.0,True
direct_entry,248.0,3941.6412670779623,3483.830424262149,702.8828764709934,300.0,True
direct_entry,249.0,3939.2636450214713,3483.830424262149,701.4308553529604,300.0,True
direct_entry,250.0,3936.8891806729043,3483.830424262149,699.9848512541838,300.0,True
direct_entry,251.0,3934.517867209843,3483.830424262149,698.5448266654183,300.0,True
direct_entry,252.0,3932.1496978308064,3483.830424262149,697.1107443900597,300.0,True
direct_entry,253.0,3929.784665755167,3483.830424262149,695.6825675408826,300.0,True
direct_entry,254.0,3927.4227642230658,3483.830424262149,694.2602595368093,300.0,True
direct_entry,255.0,3925.063986495332,3483.830424262149,692.8437840997324,300.0,True
direct_entry,256.0,3922.7083258533976,3483.830424262149,691.433105251363,300.0,True
direct_entry,257.0,3920.355775599214,3483.830424262149,690.0281873101319,300.0,True
direct_entry,258.0,3918.0063290551743,3483.830424262149,688.6289948881172,300.0,True
direct_entry,259.0,3915.659979564026,3483.830424262149,687.2354928880188,300.0,True
direct_entry,260.0,3913.3167204887914,3483.830424262149,685.8476465001672,300.0,True
direct_entry,261.0,3910.976545212692,3483.830424262149,684.4654211995681,300.0,True
direct_entry,262.0,3908.6394471390604,3483.830424262149,683.0887827429849,300.0,True
direct_entry,263.0,3906.305419691262,3483.830424262149,681.7176971660599,300.0,True
direct_entry,264.0,3903.974456312621,3483.830424262149,680.3521307804639,300.0,True
direct_entry,265.0,3901.646550466333,3483.830424262149,678.9920501710887,300.0,True
direct_entry,266.0,3899.321695635392,3483.830424262149,677.6374221932682,300.0,True
direct_entry,267.0,3896.9998853225093,3483.830424262149,676.2882139700356,300.0,True
direct_entry,268.0,3894.681113050034,3483.830424262149,674.9443928894157,300.0,True
direct_entry,269.0,3892.365372359881,3483.830424262149,673.6059266017472,300.0,True
direct_entry,270.0,3890.0526568134446,3483.830424262149,672.2727830170395,300.0,True
direct_entry,271.0,3887.7429599915304,3483.830424262149,670.94493030236,300.0,True
direct_entry,272.0,3885.4362754942736,3483.830424262149,669.622336879254,300.0,True
direct_entry,273.0,3883.1325969410636,3483.830424262149,668.3049714211976,300.0,True
direct_entry,274.0,3880.831917970469,3483.830424262149,666.9928028510765,300.0,True
direct_entry,275.0,3878.5342322401625,3483.830424262149,665.6858003386996,300.0,True
direct_entry,276.0,3876.2395334268417,3483.830424262149,664.383933298341,300.0,True
direct_entry,277.0,3873.9478152261618,3483.830424262149,663.0871713863107,300.0,True
direct_entry,278.0,3871.659071352654,3483.830424262149,661.7954844985535,300.0,True
direct_entry,279.0,3869.373295539655,3483.830424262149,660.5088427682808,300.0,True
direct_entry,280.0,3867.0904815392323,3483.830424262149,659.2272165636255,300.0,True
direct_entry,281.0,3864.8106231221136,3483.830424262149,657.9505764853266,300.0,True
direct_entry,282.0,3862.5337140776087,3483.830424262149,656.6788933644435,300.0,True
direct_entry,283.0,3860.2597482135398,3483.830424262149,655.4121382600937,300.0,True
direct_entry,284.0,3857.9887193561735,3483.830424262149,654.1502824572196,300.0,True
direct_entry,285.0,3855.720621350138,3483.830424262149,652.8932974643809,300.0,True
direct_entry,286.0,3853.455448058363,3483.830424262149,651.6411550115724,300.0,True
direct_entry,287.0,3851.193193362002,3483.830424262149,650.3938270480678,300.0,True
direct_entry,288.0,3848.9338511603632,3483.830424262149,649.151285740291,300.0,True
direct_entry,289.0,3846.6774153708375,3483.830424262149,647.9135034697069,300.0,True
direct_entry,290.0,3844.4238799288323,3483.830424262149,646.6804528307423,300.0,True
direct_entry,291.0,3842.173238787696,3483.830424262149,645.4521066287288,300.0,True
direct_entry,292.0,3839.9254859186544,3483.830424262149,644.2284378778678,300.0,True
direct_entry,293.0,3837.680615310736,3483.830424262149,643.0094197992227,300.0,True
direct_entry,294.0,3835.4386209707086,3483.830424262149,641.7950258187315,300.0,True
direct_entry,295.0,3833.1994969230045,3483.830424262149,640.5852295652431,300.0,True
direct_entry,296.0,3830.963237209659,3483.830424262149,639.3800048685786,300.0,True
direct_entry,297.0,3828.7298358902367,3483.830424262149,638.1793257576087,300.0,True
direct_entry,298.0,3826.499287041769,3483.830424262149,636.9831664583616,300.0,True
direct_entry,299.0,3824.271584758682,3483.830424262149,635.7915013921446,300.0,True
direct_entry,300.0,3822.046723152735,3483.830424262149,634.6043051736935,300.0,True
direct_entry,301.0,3819.8246963529477,3483.830424262149,633.4215526093388,300.0,True
direct_entry,302.0,3817.605498505539,3483.830424262149,632.2432186951947,300.0,True
direct_entry,303.0,3815.3891237738603,3483.830424262149,631.0692786153688,300.0,True
direct_entry,304.0,3813.1755663383274,3483.830424262149,629.8997077401912,300.0,True
direct_entry,305.0,3810.964820396357,3483.830424262149,628.7344816244638,300.0,True
direct_entry,306.0,3808.756880162303,3483.830424262149,627.5735760057308,300.0,True
direct_entry,307.0,3806.5517398673865,3483.830424262149,626.4169668025676,300.0,True
direct_entry,308.0,3804.3493937596386,3483.830424262149,625.2646301128864,300.0,True
direct_entry,309.0,3802.149836103832,3483.830424262149,624.1165422122671,300.0,True
direct_entry,310.0,3799.953061181418,3483.830424262149,622.9726795523017,300.0,True
direct_entry,311.0,3797.759063290461,3483.830424262149,621.8330187589573,300.0,True
direct_entry,312.0,3795.5678367455826,3483.830424262149,620.6975366309607,300.0,True
direct_entry,313.0,3793.3793758778884,3483.830424262149,619.5662101381994,300.0,True
direct_entry,314.0,3791.193675034911,3483.830424262149,618.4390164201382,300.0,True
direct_entry,315.0,3789.0107285805507,3483.830424262149,617.3159327842571,300.0,True
direct_entry,316.0,3786.830530895009,3483.830424262149,616.1969367045047,300.0,True
direct_entry,317.0,3784.6530763747255,3483.830424262149,615.0820058197676,300.0,True
direct_entry,318.0,3782.478359432322,3483.830424262149,613.9711179323589,300.0,True
direct_entry,319.0,3780.3063744965357,3483.830424262149,612.8642510065216,300.0,True
direct_entry,320.0,3778.137116012162,3483.830424262149,611.7613831669504,300.0,True
direct_entry,321.0,3775.970578439996,3483.830424262149,610.6624926973273,300.0,True
direct_entry,322.0,3773.8067562567653,3483.830424262149,609.5675580388756,300.0,True
direct_entry,323.0,3771.645643955075,3483.830424262149,608.476557788927,300.0,True
direct_entry,324.0,3769.487236043347,3483.830424262149,607.3894706995087,300.0,True
direct_entry,325.0,3767.331527045761,3483.830424262149,606.3062756759396,300.0,True
direct_entry,326.0,3765.1785115021958,3483.830424262149,605.2269517754485,300.0,True
direct_entry,327.0,3763.028183968166,3483.830424262149,604.1514782058033,300.0,True
direct_entry,328.0,3760.8805390147722,3483.830424262149,603.079834323954,300.0,True
direct_entry,329.0,3758.735571228632,3483.830424262149,602.0119996346955,300.0,True
direct_entry,330.0,3756.5932752118315,3483.830424262149,600.9479537893394,300.0,True
direct_entry,331.0,3754.4536455818593,3483.830424262149,599.8876765844027,300.0,True
direct_entry,332.0,3752.316676971557,3483.830424262149,598.8311479603112,300.0,True
direct_entry,333.0,3750.1823640290568,3483.830424262149,597.7783480001149,300.0,True
direct_entry,334.0,3748.0507014177233,3483.830424262149,596.7292569282189,300.0,True
direct_entry,335.0,3745.9216838161024,3483.830424262149,595.6838551091258,300.0,True
direct_entry,336.0,3743.7953059178594,3483.830424262149,594.642123046196,300.0,True
direct_entry,337.0,3741.6715624317258,3483.830424262149,593.6040413804142,300.0,True
direct_entry,338.0,3739.5504480814434,3483.830424262149,592.569590889175,300.0,True
direct_entry,339.0,3737.4319576057055,3483.830424262149,591.5387524850803,300.0,True
direct_entry,340.0,3735.3160857581065,3483.830424262149,590.5115072147458,300.0,True
direct_entry,341.0,3733.2028273070823,3483.830424262149,589.4878362576255,300.0,True
direct_entry,342.0,3731.092177035857,3483.830424262149,588.4677209248447,300.0,True
direct_entry,343.0,3728.984129742388,3483.830424262149,587.4511426580464,300.0,True
direct_entry,344.0,3726.8786802393156,3483.830424262149,586.43808302825,300.0,True
direct_entry,345.0,3724.775823353899,3483.830424262149,585.4285237347236,300.0,True
direct_entry,346.0,3722.675553927973,3483.830424262149,584.422446603863,300.0,True
direct_entry,347.0,3720.5778668178878,3483.830424262149,583.4198335880908,300.0,True
direct_entry,348.0,3718.4827568944593,3483.830424262149,582.4206667647575,300.0,True
direct_entry,349.0,3716.390219042912,3483.830424262149,581.424928335062,300.0,True
direct_entry,350.0,3714.3002481628305,3483.830424262149,580.4326006229787,300.0,True
direct_entry,351.0,3712.212839168103,3483.830424262149,579.4436660741976,300.0,True
direct_entry,352.0,3710.12798698687,3483.830424262149,578.4581072550748,300.0,True
direct_entry,353.0,3708.0456865614756,3483.830424262149,577.4759068515925,300.0,True
direct_entry,354.0,3705.965932848409,3483.830424262149,576.4970476683357,300.0,True
direct_entry,355.0,3703.8887208182578,3483.830424262149,575.5215126274691,300.0,True
direct_entry,356.0,3701.814045455655,3483.830424262149,574.5492847677353,300.0,True
direct_entry,357.0,3699.741901759227,3483.830424262149,573.5803472434568,300.0,True
direct_entry,358.0,3697.6722847415426,3483.830424262149,572.6146833235491,300.0,True
direct_entry,359.0,3695.6051894290645,3483.830424262149,571.6522763905459,300.0,True
direct_entry,360.0,3693.540610862096,3483.830424262149,570.6931099396326,300.0,True
direct_entry,361.0,3691.478544094731,3483.830424262149,569.7371675776902,300.0,True
direct_entry,362.0,3689.4189841948055,3483.830424262149,568.7844330223512,300.0,True
direct_entry,363.0,3687.3619262438465,3483.830424262149,567.8348901010578,300.0,True
direct_entry,364.0,3685.307365337022,3483.830424262149,566.8885227501399,300.0,True
direct_entry,365.0,3683.255296583092,3483.830424262149,565.9453150138945,300.0,True
direct_entry,366.0,3681.20571510436,3483.830424262149,565.0052510436791,300.0,True
direct_entry,367.0,3679.1586160366223,3483.830424262149,564.0683150970096,300.0,True
direct_entry,368.0,3677.1139945291225,3483.830424262149,563.1344915366731,300.0,True
direct_entry,369.0,3675.071845744497,3483.830424262149,562.2037648298453,300.0,True
direct_entry,370.0,3673.032164858734,3483.830424262149,561.276119547218,300.0,True
direct_entry,371.0,3670.9949470611195,3483.830424262149,560.3515403621353,300.0,True
direct_entry,372.0,3668.960187554191,3483.830424262149,559.4300120497398,300.0,True
direct_entry,373.0,3666.9278815536923,3483.830424262149,558.5115194861252,300.0,True
direct_entry,374.0,3664.898024288524,3483.830424262149,557.5960476474982,300.0,True
direct_entry,375.0,3662.8706110006938,3483.830424262149,556.6835816093507,300.0,True
direct_entry,376.0,3660.845636945274,3483.830424262149,555.7741065456354,300.0,True
direct_entry,377.0,3658.8230973903524,3483.830424262149,554.8676077279557,300.0,True
direct_entry,378.0,3656.802987616985,3483.830424262149,553.9640705247592,300.0,True
direct_entry,379.0,3654.78530291915,3483.830424262149,553.0634804005401,300.0,True
direct_entry,380.0,3652.770038603705,3483.830424262149,552.1658229150503,300.0,True
direct_entry,381.0,3650.757189990333,3483.830424262149,551.27108372252,300.0,True
direct_entry,382.0,3648.7467524115045,3483.830424262149,550.3792485708803,300.0,True
direct_entry,383.0,3646.7387212124295,3483.830424262149,549.490303301,300.0,True
direct_entry,384.0,3644.733091751008,3483.830424262149,548.6042338459263,300.0,True
direct_entry,385.0,3642.729859397793,3483.830424262149,547.7210262301321,300.0,True
direct_entry,386.0,3640.729019535935,3483.830424262149,546.8406665687743,300.0,True
direct_entry,387.0,3638.7305675611474,3483.830424262149,545.9631410669573,300.0,True
direct_entry,388.0,3636.7344988816553,3483.830424262149,545.0884360190012,300.0,True
direct_entry,389.0,3634.740808918154,3483.830424262149,544.2165378077224,300.0,True
direct_entry,390.0,3632.7494931037622,3483.830424262149,543.3474329037165,300.0,True
direct_entry,391.0,3630.76054688398,3483.830424262149,542.481107864651,300.0,True
direct_entry,392.0,3628.7739657166467,3483.830424262149,541.617549334564,300.0,True
direct_entry,393.0,3626.7897450718933,3483.830424262149,540.7567440431685,300.0,True
direct_entry,394.0,3624.8078804321003,3483.830424262149,539.8986788051659,300.0,True
direct_entry,395.0,3622.8283672918556,3483.830424262149,539.0433405195631,300.0,True
direct_entry,396.0,3620.8512011579123,3483.830424262149,538.1907161690004,300.0,True
direct_entry,397.0,3618.876377549142,3483.830424262149,537.3407928190808,300.0,True
direct_entry,398.0,3616.903891996495,3483.830424262149,536.4935576177086,300.0,True
direct_entry,399.0,3614.933740042959,3483.830424262149,535.6489977944349,300.0,True
direct_entry,400.0,3612.9659172435104,3483.830424262149,534.8071006598078,300.0,True
orbit_insertion,0.0,4650.5932751911905,3483.830424262149,1452.7515499583783,3619.254069484892,False
orbit_insertion,1.0,4647.149848433444,3483.830424262149,1446.4596701796002,3619.254069484892,False
orbit_insertion,2.0,4643.712231250068,3483.830424262149,1440.223210314107,3619.254069484892,False
orbit_insertion,3.0,4640.280407325484,3483.830424262149,1434.041426551979,3619.254069484892,False
orbit_insertion,4.0,4636.85436041001,3483.830424262149,1427.913588585358,3619.254069484892,False
orbit_insertion,5.0,4633.434074319506,3483.830424262149,1421.8389792981886,3619.254069484892,False
orbit_insertion,6.0,4630.019532935029,3483.830424262149,1415.8168944646077,3619.254069484892,False
orbit_insertion,7.0,4626.610720202482,3483.830424262149,1409.8466424556966,3619.254069484892,False
orbit_insertion,8.0,4623.20762013228,3483.830424262149,1403.92754395433,3619.254069484892,False
orbit_insertion,9.0,4619.810216798991,3483.830424262149,1398.0589316778437,3619.254069484892,False
orbit_insertion,10.0,4616.418494341018,3483.830424262149,1392.240150108289,3619.254069484892,False
orbit_insertion,11.0,4613.032436960246,3483.830424262149,1386.470555230011,3619.254069484892,False
orbit_insertion,12.0,4609.652028921713,3483.830424262149,1380.7495142743287,3619.254069484892,False
orbit_insertion,13.0,4606.27725455328,3483.830424262149,1375.0764054710844,3619.254069484892,False
orbit_insertion,14.0,4602.908098245295,3483.830424262149,1369.450617806848,3619.254069484892,False
orbit_insertion,15.0,4599.5445444502675,3483.830424262149,1363.8715507895658,3619.254069484892,False
orbit_insertion,16.0,4596.186577682545,3483.830424262149,1358.3386142194506,3619.254069484892,False
orbit_insertion,17.0,4592.834182517986,3483.830424262149,1352.8512279659194,3619.254069484892,False
orbit_insertion,18.0,4589.487343593633,3483.830424262149,1347.4088217503904,3619.254069484892,False
orbit_insertion,19.0,4586.146045607407,3483.830424262149,1342.0108349347602,3619.254069484892,False
orbit_insertion,20.0,4582.810273317776,3483.830424262149,1336.6567163153811,3619.254069484892,False
orbit_insertion,21.0,4579.480011543445,3483.830424262149,1331.345923922376,3619.254069484892,False
orbit_insertion,22.0,4576.155245163041,3483.830424262149,1326.0779248241288,3619.254069484892,False
orbit_insertion,23.0,4572.8359591148055,3483.830424262149,1320.852194936783,3619.254069484892,False
orbit_insertion,24.0,4569.522138396281,3483.830424262149,1315.668218838614,3619.254069484892,False
orbit_insertion,25.0,4566.213768064001,3483.830424262149,1310.5254895891126,3619.254069484892,False
orbit_insertion,26.0,4562.9108332331925,3483.830424262149,1305.4235085526486,3619.254069484892,False
orbit_insertion,27.0,4559.613319077464,3483.830424262149,1300.3617852265781,3619.254069484892,False
orbit_insertion,28.0,4556.3212108285115,3483.830424262149,1295.3398370736554,3619.254069484892,False
orbit_insertion,29.0,4553.03449377581,3483.830424262149,1290.357189358631,3619.254069484892,False
orbit_insertion,30.0,4549.753153266325,3483.830424262149,1285.413374988907,3619.254069484892,False
orbit_insertion,31.0,4546.477174704211,3483.830424262149,1280.507934359138,3619.254069484892,False
orbit_insertion,32.0,4543.206543550518,3483.830424262149,1275.6404151996517,3619.254069484892,False
orbit_insertion,33.0,4539.941245322901,3483.830424262149,1270.8103724285918,3619.254069484892,False
orbit_insertion,34.0,4536.68126559533,3483.830424262149,1266.0173680076668,3619.254069484892,False
orbit_insertion,35.0,4533.426589997798,3483.830424262149,1261.2609708014018,3619.254069484892,False
orbit_insertion,36.0,4530.177204216043,3483.830424262149,1256.5407564397997,3619.254069484892,False
orbit_insertion,37.0,4526.93309399125,3483.830424262149,1251.8563071843078,3619.254069484892,False
orbit_insertion,38.0,4523.694245119781,3483.830424262149,1247.2072117969988,3619.254069484892,False
orbit_insertion,39.0,4520.460643452889,3483.830424262149,1242.5930654128763,3619.254069484892,False
orbit_insertion,40.0,4517.232274896434,3483.830424262149,1238.0134694152177,3619.254069484892,False
orbit_insertion,41.0,4514.0091254106155,3483.830424262149,1233.4680313138656,3619.254069484892,False
orbit_insertion,42.0,4510.791181009685,3483.830424262149,1228.9563646263903,3619.254069484892,False
orbit_insertion,43.0,4507.578427761682,3483.830424262149,1224.4780887620425,3619.254069484892,False
orbit_insertion,44.0,4504.370851788157,3483.830424262149,1220.0328289084173,3619.254069484892,False
orbit_insertion,45.0,4501.168439263902,3483.830424262149,1215.6202159207562,3619.254069484892,False
orbit_insertion,46.0,4497.971176416679,3483.830424262149,1211.239886213818,3619.254069484892,False
orbit_insertion,47.0,4494.779049526957,3483.830424262149,1206.891481656242,3619.254069484892,False
orbit_insertion,48.0,4491.5920449276455,3483.830424262149,1202.574649467342,3619.254069484892,False
orbit_insertion,49.0,4488.4101490038265,3483.830424262149,1198.2890421162617,3619.254069484892,False
orbit_insertion,50.0,4485.233348192498,3483.830424262149,1194.0343172234334,3619.254069484892,False
orbit_insertion,51.0,4482.061628982311,3483.830424262149,1189.8101374642658,3619.254069484892,False
orbit_insertion,52.0,4478.894977913307,3483.830424262149,1185.6161704750214,3619.254069484892,False
orbit_insertion,53.0,4475.733381576669,3483.830424262149,1181.4520887608028,3619.254069484892,False
orbit_insertion,54.0,4472.576826614458,3483.830424262149,1177.3175696056107,3619.254069484892,False
orbit_insertion,55.0,4469.425299719363,3483.830424262149,1173.2122949844083,3619.254069484892,False
orbit_insertion,56.0,4466.278787634444,3483.830424262149,1169.135951477143,3619.254069484892,False
orbit_insertion,57.0,4463.13727715289,3483.830424262149,1165.0882301846743,3619.254069484892,False
orbit_insertion,58.0,4460.00075511776,3483.830424262149,1161.0688266465575,3619.254069484892,False
orbit_insertion,59.0,4456.869208421738,3483.830424262149,1157.077440760635,3619.254069484892,False
orbit_insertion,60.0,4453.742624006893,3483.830424262149,1153.1137767043897,3619.254069484892,False
orbit_insertion,61.0,4450.620988864422,3483.830424262149,1149.1775428580142,3619.254069484892,False
orbit_insertion,62.0,4447.504290034418,3483.830424262149,1145.2684517291511,3619.254069484892,False
orbit_insertion,63.0,4444.392514605622,3483.830424262149,1141.3862198792647,3619.254069484892,False
orbit_insertion,64.0,4441.285649715184,3483.830424262149,1137.530567851597,3619.254069484892,False
orbit_insertion,65.0,4438.183682548428,3483.830424262149,1133.7012201006753,3619.254069484892,False
orbit_insertion,66.0,4435.0866003386045,3483.830424262149,1129.897904923327,3619.254069484892,False
orbit_insertion,67.0,4431.994390366668,3483.830424262149,1126.1203543911636,3619.254069484892,False
orbit_insertion,68.0,4428.907039961032,3483.830424262149,1122.3683042845018,3619.254069484892,False
orbit_insertion,69.0,4425.824536497341,3483.830424262149,1118.6414940276793,3619.254069484892,False
orbit_insertion,70.0,4422.746867398236,3483.830424262149,1114.9396666257353,3619.254069484892,False
orbit_insertion,71.0,4419.674020133127,3483.830424262149,1111.2625686024237,3619.254069484892,False
orbit_insertion,72.0,4416.605982217964,3483.830424262149,1107.6099499395177,3619.254069484892,False
orbit_insertion,73.0,4413.542741215007,3483.830424262149,1103.981564017383,3619.254069484892,False
orbit_insertion,74.0,4410.484284732601,3483.830424262149,1100.3771675567875,3619.254069484892,False
orbit_insertion,75.0,4407.430600424954,3483.830424262149,1096.7965205619066,3619.254069484892,False
orbit_insertion,76.0,4404.381675991912,3483.830424262149,1093.2393862645122,3619.254069484892,False
orbit_insertion,77.0,4401.337499178733,3483.830424262149,1089.705531069305,3619.254069484892,False
orbit_insertion,78.0,4398.298057775874,3483.830424262149,1086.1947245003626,3619.254069484892,False
orbit_insertion,79.0,4395.2633396187675,3483.830424262149,1082.7067391486833,3619.254069484892,False
orbit_insertion,80.0,4392.2333325876,3483.830424262149,1079.2413506207943,3619.254069484892,False
orbit_insertion,81.0,4389.208024607104,3483.830424262149,1075.7983374883997,3619.254069484892,False
orbit_insertion,82.0,4386.187403646334,3483.830424262149,1072.377481239044,3619.254069484892,False
orbit_insertion,83.0,4383.17145771846,3483.830424262149,1068.9785662277689,3619.254069484892,False
orbit_insertion,84.0,4380.160174880551,3483.830424262149,1065.601379629737,3619.254069484892,False
orbit_insertion,85.0,4377.153543233358,3483.830424262149,1062.2457113937985,3619.254069484892,False
orbit_insertion,86.0,4374.151550921116,3483.830424262149,1058.911354196988,3619.254069484892,False
orbit_insertion,87.0,4371.154186131327,3483.830424262149,1055.5981033999137,3619.254069484892,False
orbit_insertion,88.0,4368.161437094553,3483.830424262149,1052.3057570030367,3619.254069484892,False
orbit_insertion,89.0,4365.173292084208,3483.830424262149,1049.034115603804,3619.254069484892,False
orbit_insertion,90.0,4362.18973941636,3483.830424262149,1045.7829823546235,3619.254069484892,False
orbit_insertion,91.0,4359.210767449519,3483.830424262149,1042.5521629216648,3619.254069484892,False
orbit_insertion,92.0,4356.23636458444,3483.830424262149,1039.3414654444543,3619.254069484892,False
orbit_insertion,93.0,4353.266519263914,3483.830424262149,1036.1507004962605,3619.254069484892,False
orbit_insertion,94.0,4350.301219972579,3483.830424262149,1032.9796810452438,3619.254069484892,False
orbit_insertion,95.0,4347.340455236707,3483.830424262149,1029.8282224163545,3619.254069484892,False
orbit_insertion,96.0,4344.384213624021,3483.830424262149,1026.696142253962,3619.254069484892,False
orbit_insertion,97.0,4341.432483743482,3483.830424262149,1023.583260485202,3619.254069484892,False
orbit_insertion,98.0,4338.48525424511,3483.830424262149,1020.48939928402,3619.254069484892,False
orbit_insertion,99.0,4335.542513819776,3483.830424262149,1017.4143830359005,3619.254069484892,False
orbit_insertion,100.0,4332.604251199014,3483.830424262149,1014.3580383032632,3619.254069484892,False
orbit_insertion,101.0,4329.670455154831,3483.830424262149,1011.3201937915146,3619.254069484892,False
orbit_insertion,102.0,4326.741114499511,3483.830424262149,1008.3006803157366,3619.254069484892,False
orbit_insertion,103.0,4323.81621808543,3483.830424262149,1005.2993307680008,3619.254069484892,False
orbit_insertion,104.0,4320.895754804862,3483.830424262149,1002.3159800852953,3619.254069484892,False
orbit_insertion,105.0,4317.979713589795,3483.830424262149,999.3504652180462,3619.254069484892,False
orbit_insertion,106.0,4315.068083411743,3483.830424262149,996.402625099229,3619.254069484892,False
orbit_insertion,107.0,4312.160853281562,3483.830424262149,993.4723006140451,3619.254069484892,False
orbit_insertion,108.0,4309.258012249261,3483.830424262149,990.5593345701656,3619.254069484892,False
orbit_insertion,109.0,4306.359549403825,3483.830424262149,987.663571668514,3619.254069484892,False
orbit_insertion,110.0,4303.465453873027,3483.830424262149,984.7848584745939,3619.254069484892,False
orbit_insertion,111.0,4300.5757148232515,3483.830424262149,981.923043390333,3619.254069484892,False
orbit_insertion,112.0,4297.690321459308,3483.830424262149,979.0779766264436,3619.254069484892,False
orbit_insertion,113.0,4294.809263024258,3483.830424262149,976.2495101752859,3619.254069484892,False
orbit_insertion,114.0,4291.932528799236,3483.830424262149,973.4374977842198,3619.254069484892,False
orbit_insertion,115.0,4289.060108103268,3483.830424262149,970.6417949294403,3619.254069484892,False
orbit_insertion,116.0,4286.1919902930995,3483.830424262149,967.8622587902807,3619.254069484892,False
orbit_insertion,117.0,4283.32816476302,3483.830424262149,965.0987482239792,3619.254069484892,False
orbit_insertion,118.0,4280.468620944686,3483.830424262149,962.3511237408965,3619.254069484892,False
orbit_insertion,119.0,4277.613348306953,3483.830424262149,959.6192474801704,3619.254069484892,False
orbit_insertion,120.0,4274.762336355698,3483.830424262149,956.9029831858111,3619.254069484892,False
orbit_insertion,121.0,4271.915574633651,3483.830424262149,954.2021961832113,3619.254069484892,False
orbit_insertion,122.0,4269.073052720229,3483.830424262149,951.5167533560772,3619.254069484892,False
orbit_insertion,123.0,4266.234760231355,3483.830424262149,948.8465231237606,3619.254069484892,False
orbit_insertion,124.0,4263.400686819306,3483.830424262149,946.1913754189945,3619.254069484892,False
orbit_insertion,125.0,4260.570822172533,3483.830424262149,943.5511816660121,3619.254069484892,False
orbit_insertion,126.0,4257.745156015498,3483.830424262149,940.9258147590498,3619.254069484892,False
orbit_insertion,127.0,4254.923678108512,3483.830424262149,938.315149041226,3619.254069484892,False
orbit_insertion,128.0,4252.106378247571,3483.830424262149,935.7190602837826,3619.254069484892,False
orbit_insertion,129.0,4249.293246264187,3483.830424262149,933.1374256656871,3619.254069484892,False
orbit_insertion,130.0,4246.484272025226,3483.830424262149,930.5701237535843,3619.254069484892,False
orbit_insertion,131.0,4243.679445432757,3483.830424262149,928.017034482095,3619.254069484892,False
orbit_insertion,132.0,4240.878756423878,3483.830424262149,925.4780391344508,3619.254069484892,False
orbit_insertion,133.0,4238.082194970562,3483.830424262149,922.9530203234569,3619.254069484892,False
orbit_insertion,134.0,4235.2897510795,3483.830424262149,920.4418619727829,3619.254069484892,False
orbit_insertion,135.0,4232.501414791941,3483.830424262149,917.9444492985702,3619.254069484892,False
orbit_insertion,136.0,4229.717176183535,3483.830424262149,915.4606687913476,3619.254069484892,False
orbit_insertion,137.0,4226.9370253641755,3483.830424262149,912.9904081982553,3619.254069484892,False
orbit_insertion,138.0,4224.160952477848,3483.830424262149,910.5335565055665,3619.254069484892,False
orbit_insertion,139.0,4221.388947702471,3483.830424262149,908.0900039215035,3619.254069484892,False
orbit_insertion,140.0,4218.6210012497495,3483.830424262149,905.6596418593374,3619.254069484892,False
orbit_insertion,141.0,4215.857103365012,3483.830424262149,903.2423629207742,3619.254069484892,False
orbit_insertion,142.0,4213.097244327069,3483.830424262149,900.8380608796141,3619.254069484892,False
orbit_insertion,143.0,4210.341414448056,3483.830424262149,898.4466306656828,3619.254069484892,False
orbit_insertion,144.0,4207.589604073283,3483.830424262149,896.0679683490279,3619.254069484892,False
orbit_insertion,145.0,4204.841803581093,3483.830424262149,893.7019711243754,3619.254069484892,False
orbit_insertion,146.0,4202.098003382701,3483.830424262149,891.3485372958443,3619.254069484892,False
orbit_insertion,147.0,4199.358193922059,3483.830424262149,889.0075662619055,3619.254069484892,False
orbit_insertion,148.0,4196.6223656757,3483.830424262149,886.6789585005951,3619.254069484892,False
orbit_insertion,149.0,4193.890509152597,3483.830424262149,884.3626155549598,3619.254069484892,False
orbit_insertion,150.0,4191.162614894016,3483.830424262149,882.0584400187456,3619.254069484892,False
orbit_insertion,151.0,4188.4386734733735,3483.830424262149,879.7663355223156,3619.254069484892,False
orbit_insertion,152.0,4185.718675496089,3483.830424262149,877.4862067187917,3619.254069484892,False
orbit_insertion,153.0,4183.002611599449,3483.830424262149,875.2179592704283,3619.254069484892,False
orbit_insertion,154.0,4180.290472452458,3483.830424262149,872.9614998351955,3619.254069484892,False
orbit_insertion,155.0,4177.582248755701,3483.830424262149,870.7167360535843,3619.254069484892,False
orbit_insertion,156.0,4174.8779312412025,3483.830424262149,868.4835765356185,3619.254069484892,False
orbit_insertion,157.0,4172.177510672289,3483.830424262149,866.2619308480729,3619.254069484892,False
orbit_insertion,158.0,4169.480977843445,3483.830424262149,864.0517095018995,3619.254069484892,False
orbit_insertion,159.0,4166.788323580179,3483.830424262149,861.8528239398485,3619.254069484892,False
orbit_insertion,160.0,4164.099538738888,3483.830424262149,859.6651865242844,3619.254069484892,False
orbit_insertion,161.0,4161.414614206715,3483.830424262149,857.4887105251979,3619.254069484892,False
orbit_insertion,162.0,4158.733540901419,3483.830424262149,855.3233101084038,3619.254069484892,False
orbit_insertion,163.0,4156.056309771237,3483.830424262149,853.1689003239218,3619.254069484892,False
orbit_insertion,164.0,4153.382911794746,3483.830424262149,851.025397094543,3619.254069484892,False
orbit_insertion,165.0,4150.71333798074,3483.830424262149,848.8927172045724,3619.254069484892,False
orbit_insertion,166.0,4148.047579368088,3483.830424262149,846.7707782887458,3619.254069484892,False
orbit_insertion,167.0,4145.385627025606,3483.830424262149,844.6594988213195,3619.254069484892,False
orbit_insertion,168.0,4142.72747205192,3483.830424262149,842.5587981053282,3619.254069484892,False
orbit_insertion,169.0,4140.073105575346,3483.830424262149,840.4685962620091,3619.254069484892,False
orbit_insertion,170.0,4137.422518753748,3483.830424262149,838.3888142203881,3619.254069484892,False
orbit_insertion,171.0,4134.775702774419,3483.830424262149,836.3193737070251,3619.254069484892,False
orbit_insertion,172.0,4132.132648853946,3483.830424262149,834.2601972359171,3619.254069484892,False
orbit_insertion,173.0,4129.493348238084,3483.830424262149,832.2112080985548,3619.254069484892,False
orbit_insertion,174.0,4126.8577922016275,3483.830424262149,830.1723303541308,3619.254069484892,False
orbit_insertion,175.0,4124.225972048291,3483.830424262149,828.1434888198961,3619.254069484892,False
orbit_insertion,176.0,4121.59787911057,3483.830424262149,826.124609061662,3619.254069484892,False
orbit_insertion,177.0,4118.973504749629,3483.830424262149,824.1156173844474,3619.254069484892,False
orbit_insertion,178.0,4116.352840355171,3483.830424262149,822.1164408232639,3619.254069484892,False
orbit_insertion,179.0,4113.7358773453125,3483.830424262149,820.1270071340399,3619.254069484892,False
orbit_insertion,180.0,4111.122607166465,3483.830424262149,818.1472447846844,3619.254069484892,False
orbit_insertion,181.0,4108.513021293207,3483.830424262149,816.1770829462796,3619.254069484892,False
orbit_insertion,182.0,4105.907111228169,3483.830424262149,814.2164514844053,3619.254069484892,False
orbit_insertion,183.0,4103.304868501903,3483.830424262149,812.2652809505948,3619.254069484892,False
orbit_insertion,184.0,4100.706284672774,3483.830424262149,810.3235025739157,3619.254069484892,False
orbit_insertion,185.0,4098.11135132683,3483.830424262149,808.3910482526755,3619.254069484892,False
orbit_insertion,186.0,4095.520060077688,3483.830424262149,806.4678505462477,3619.254069484892,False
orbit_insertion,187.0,4092.932402566412,3483.830424262149,804.5538426670229,3619.254069484892,False
orbit_insertion,188.0,4090.3483704614014,3483.830424262149,802.6489584724713,3619.254069484892,False
orbit_insertion,189.0,4087.7679554582637,3483.830424262149,800.7531324573281,3619.254069484892,False
orbit_insertion,190.0,4085.1911492797108,3483.830424262149,798.866299745887,3619.254069484892,False
orbit_insertion,191.0,4082.61794367543,3483.830424262149,796.9883960844103,3619.254069484892,False
orbit_insertion,192.0,4080.048330421977,3483.830424262149,795.1193578336466,3619.254069484892,False
orbit_insertion,193.0,4077.4823013226587,3483.830424262149,793.2591219614596,3619.254069484892,False
orbit_insertion,194.0,4074.9198482074185,3483.830424262149,791.4076260355589,3619.254069484892,False
orbit_insertion,195.0,4072.360962932722,3483.830424262149,789.5648082163402,3619.254069484892,False
orbit_insertion,196.0,4069.8056373814484,3483.830424262149,787.7306072498251,3619.254069484892,False
orbit_insertion,197.0,4067.253863462772,3483.830424262149,785.9049624607061,3619.254069484892,False
orbit_insertion,198.0,4064.7056331120543,3483.830424262149,784.087813745485,3619.254069484892,False
orbit_insertion,199.0,4062.160938290731,3483.830424262149,782.2791015657157,3619.254069484892,False
orbit_insertion,200.0,4059.619770986204,3483.830424262149,780.4787669413388,3619.254069484892,False
orbit_insertion,201.0,4057.0821232117287,3483.830424262149,778.6867514441121,3619.254069484892,False
orbit_insertion,202.0,4054.5479870063045,3483.830424262149,776.9029971911357,3619.254069484892,False
orbit_insertion,203.0,4052.017354434568,3483.830424262149,775.1274468384653,3619.254069484892,False
orbit_insertion,204.0,4049.490217586684,3483.830424262149,773.3600435748201,3619.254069484892,False
orbit_insertion,205.0,4046.9665685782356,3483.830424262149,771.6007311153736,3619.254069484892,False
orbit_insertion,206.0,4044.4463995501205,3483.830424262149,769.8494536956357,3619.254069484892,False
orbit_insertion,207.0,4041.9297026684444,3483.830424262149,768.1061560654205,3619.254069484892,False
orbit_insertion,208.0,4039.416470124408,3483.830424262149,766.370783482894,3619.254069484892,False
orbit_insertion,209.0,4036.9066941342103,3483.830424262149,764.6432817087106,3619.254069484892,False
orbit_insertion,210.0,4034.400366938942,3483.830424262149,762.9235970002267,3619.254069484892,False
orbit_insertion,211.0,4031.8974808044754,3483.830424262149,761.2116761057944,3619.254069484892,False
orbit_insertion,212.0,4029.3980280213664,3483.830424262149,759.507466259139,3619.254069484892,False
orbit_insertion,213.0,4026.902000904749,3483.830424262149,757.8109151738088,3619.254069484892,False
orbit_insertion,214.0,4024.4093917942323,3483.830424262149,756.1219710377006,3619.254069484892,False
orbit_insertion,215.0,4021.9201930538006,3483.830424262149,754.4405825076681,3619.254069484892,False
orbit_insertion,216.0,4019.434397071707,3483.830424262149,752.7666987041944,3619.254069484892,False
orbit_insertion,217.0,4016.9519962603767,3483.830424262149,751.1002692061445,3619.254069484892,False
orbit_insertion,218.0,4014.472983056304,3483.830424262149,749.4412440455851,3619.254069484892,False
orbit_insertion,219.0,4011.997349919956,3483.830424262149,747.7895737026769,3619.254069484892,False
orbit_insertion,220.0,4009.525089335664,3483.830424262149,746.1452091006352,3619.254069484892,False
orbit_insertion,221.0,4007.0561938115343,3483.830424262149,744.5081016007598,3619.254069484892,False
orbit_insertion,222.0,4004.590655879346,3483.830424262149,742.8782029975313,3619.254069484892,False
orbit_insertion,223.0,4002.128468094451,3483.830424262149,741.2554655137727,3619.254069484892,False
orbit_insertion,224.0,3999.669623035677,3483.830424262149,739.6398417958784,3619.254069484892,False
orbit_insertion,225.0,3997.2141133052337,3483.830424262149,738.0312849091034,3619.254069484892,False
orbit_insertion,226.0,3994.761931528613,3483.830424262149,736.4297483329202,3619.254069484892,False
orbit_insertion,227.0,3992.3130703544925,3483.830424262149,734.8351859564326,3619.254069484892,False
orbit_insertion,228.0,3989.867522454644,3483.830424262149,733.2475520738568,3619.254069484892,False
orbit_insertion,229.0,3987.425280523833,3483.830424262149,731.6668013800545,3619.254069484892,False
orbit_insertion,230.0,3984.986337279728,3483.830424262149,730.0928889661336,3619.254069484892,False
orbit_insertion,231.0,3982.550685462805,3483.830424262149,728.5257703151008,3619.254069484892,False
orbit_insertion,232.0,3980.118317836254,3483.830424262149,726.9654012975744,3619.254069484892,False
orbit_insertion,233.0,3977.689227185884,3483.830424262149,725.4117381675535,3619.254069484892,False
orbit_insertion,234.0,3975.2634063200367,3483.830424262149,723.8647375582427,3619.254069484892,False
orbit_insertion,235.0,3972.8408480694834,3483.830424262149,722.3243564779302,3619.254069484892,False
orbit_insertion,236.0,3970.4215452873464,3483.830424262149,720.7905523059203,3619.254069484892,False
orbit_insertion,237.0,3968.005490848994,3483.830424262149,719.263282788521,3619.254069484892,False
orbit_insertion,238.0,3965.5926776519623,3483.830424262149,717.7425060350818,3619.254069484892,False
orbit_insertion,239.0,3963.1830986158557,3483.830424262149,716.2281805140825,3619.254069484892,False
orbit_insertion,240.0,3960.77674668226,3483.830424262149,714.7202650492751,3619.254069484892,False
orbit_insertion,241.0,3958.3736148146577,3483.830424262149,713.2187188158716,3619.254069484892,False
orbit_insertion,242.0,3955.97369599833,3483.830424262149,711.723501336787,3619.254069484892,False
orbit_insertion,243.0,3953.576983240274,3483.830424262149,710.2345724789243,3619.254069484892,False
orbit_insertion,244.0,3951.183469569114,3483.830424262149,708.7518924495117,3619.254069484892,False
orbit_insertion,245.0,3948.7931480350144,3483.830424262149,707.2754217924846,3619.254069484892,False
orbit_insertion,246.0,3946.406011709589,3483.830424262149,705.8051213849131,3619.254069484892,False
orbit_insertion,247.0,3944.0220536858187,3483.830424262149,704.3409524334792,3619.254069484892,False
orbit_insertion,248.0,3941.6412670779623,3483.830424262149,702.8828764709934,3619.254069484892,False
orbit_insertion,249.0,3939.2636450214713,3483.830424262149,701.4308553529604,3619.254069484892,False
orbit_insertion,250.0,3936.8891806729043,3483.830424262149,699.9848512541838,3619.254069484892,False
orbit_insertion,251.0,3934.517867209843,3483.830424262149,698.5448266654183,3619.254069484892,False
orbit_insertion,252.0,3932.1496978308064,3483.830424262149,697.1107443900597,3619.254069484892,False
orbit_insertion,253.0,3929.784665755167,3483.830424262149,695.6825675408826,3619.254069484892,False
orbit_insertion,254.0,3927.4227642230658,3483.830424262149,694.2602595368093,3619.254069484892,False
orbit_insertion,255.0,3925.063986495332,3483.830424262149,692.8437840997324,3619.254069484892,False
orbit_insertion,256.0,3922.7083258533976,3483.830424262149,691.433105251363,3619.254069484892,False
orbit_insertion,257.0,3920.355775599214,3483.830424262149,690.0281873101319,3619.254069484892,False
orbit_insertion,258.0,3918.0063290551743,3483.830424262149,688.6289948881172,3619.254069484892,False
orbit_insertion,259.0,3915.659979564026,3483.830424262149,687.2354928880188,3619.254069484892,False
orbit_insertion,260.0,3913.3167204887914,3483.830424262149,685.8476465001672,3619.254069484892,False
orbit_insertion,261.0,3910.976545212692,3483.830424262149,684.4654211995681,3619.254069484892,False
orbit_insertion,262.0,3908.6394471390604,3483.830424262149,683.0887827429849,3619.254069484892,False
orbit_insertion,263.0,3906.305419691262,3483.830424262149,681.7176971660599,3619.254069484892,False
orbit_insertion,264.0,3903.974456312621,3483.830424262149,680.3521307804639,3619.254069484892,False
orbit_insertion,265.0,3901.646550466333,3483.830424262149,678.9920501710887,3619.254069484892,False
orbit_insertion,266.0,3899.321695635392,3483.830424262149,677.6374221932682,3619.254069484892,False
orbit_insertion,267.0,3896.9998853225093,3483.830424262149,676.2882139700356,3619.254069484892,False
orbit_insertion,268.0,3894.681113050034,3483.830424262149,674.9443928894157,3619.254069484892,False
orbit_insertion,269.0,3892.365372359881,3483.830424262149,673.6059266017472,3619.254069484892,False
orbit_insertion,270.0,3890.0526568134446,3483.830424262149,672.2727830170395,3619.254069484892,False
orbit_insertion,271.0,3887.7429599915304,3483.830424262149,670.94493030236,3619.254069484892,False
orbit_insertion,272.0,3885.4362754942736,3483.830424262149,669.622336879254,3619.254069484892,False
orbit_insertion,273.0,3883.1325969410636,3483.830424262149,668.3049714211976,3619.254069484892,False
orbit_insertion,274.0,3880.831917970469,3483.830424262149,666.9928028510765,3619.254069484892,False
orbit_insertion,275.0,3878.5342322401625,3483.830424262149,665.6858003386996,3619.254069484892,False
orbit_insertion,276.0,3876.2395334268417,3483.830424262149,664.383933298341,3619.254069484892,False
orbit_insertion,277.0,3873.9478152261618,3483.830424262149,663.0871713863107,3619.254069484892,False
orbit_insertion,278.0,3871.659071352654,3483.830424262149,661.7954844985535,3619.254069484892,False
orbit_insertion,279.0,3869.373295539655,3483.830424262149,660.5088427682808,3619.254069484892,False
orbit_insertion,280.0,3867.0904815392323,3483.830424262149,659.2272165636255,3619.254069484892,False
orbit_insertion,281.0,3864.8106231221136,3483.830424262149,657.9505764853266,3619.254069484892,False
orbit_insertion,282.0,3862.5337140776087,3483.830424262149,656.6788933644435,3619.254069484892,False
orbit_insertion,283.0,3860.2597482135398,3483.830424262149,655.4121382600937,3619.254069484892,False
orbit_insertion,284.0,3857.9887193561735,3483.830424262149,654.1502824572196,3619.254069484892,False
orbit_insertion,285.0,3855.720621350138,3483.830424262149,652.8932974643809,3619.254069484892,False
orbit_insertion,286.0,3853.455448058363,3483.830424262149,651.6411550115724,3619.254069484892,False
orbit_insertion,287.0,3851.193193362002,3483.830424262149,650.3938270480678,3619.254069484892,False
orbit_insertion,288.0,3848.9338511603632,3483.830424262149,649.151285740291,3619.254069484892,False
orbit_insertion,289.0,3846.6774153708375,3483.830424262149,647.9135034697069,3619.254069484892,False
orbit_insertion,290.0,3844.4238799288323,3483.830424262149,646.6804528307423,3619.254069484892,False
orbit_insertion,291.0,3842.173238787696,3483.830424262149,645.4521066287288,3619.254069484892,False
orbit_insertion,292.0,3839.9254859186544,3483.830424262149,644.2284378778678,3619.254069484892,False
orbit_insertion,293.0,3837.680615310736,3483.830424262149,643.0094197992227,3619.254069484892,False
orbit_insertion,294.0,3835.4386209707086,3483.830424262149,641.7950258187315,3619.254069484892,False
orbit_insertion,295.0,3833.1994969230045,3483.830424262149,640.5852295652431,3619.254069484892,False
orbit_insertion,296.0,3830.963237209659,3483.830424262149,639.3800048685786,3619.254069484892,False
orbit_insertion,297.0,3828.7298358902367,3483.830424262149,638.1793257576087,3619.254069484892,False
orbit_insertion,298.0,3826.499287041769,3483.830424262149,636.9831664583616,3619.254069484892,False
orbit_insertion,299.0,3824.271584758682,3483.830424262149,635.7915013921446,3619.254069484892,False
orbit_insertion,300.0,3822.046723152735,3483.830424262149,634.6043051736935,3619.254069484892,False
orbit_insertion,301.0,3819.8246963529477,3483.830424262149,633.4215526093388,3619.254069484892,False
orbit_insertion,302.0,3817.605498505539,3483.830424262149,632.2432186951947,3619.254069484892,False
orbit_insertion,303.0,3815.3891237738603,3483.830424262149,631.0692786153688,3619.254069484892,False
orbit_insertion,304.0,3813.1755663383274,3483.830424262149,629.8997077401912,3619.254069484892,False
orbit_insertion,305.0,3810.964820396357,3483.830424262149,628.7344816244638,3619.254069484892,False
orbit_insertion,306.0,3808.756880162303,3483.830424262149,627.5735760057308,3619.254069484892,False
orbit_insertion,307.0,3806.5517398673865,3483.830424262149,626.4169668025676,3619.254069484892,False
orbit_insertion,308.0,3804.3493937596386,3483.830424262149,625.2646301128864,3619.254069484892,False
orbit_insertion,309.0,3802.149836103832,3483.830424262149,624.1165422122671,3619.254069484892,False
orbit_insertion,310.0,3799.953061181418,3483.830424262149,622.9726795523017,3619.254069484892,False
orbit_insertion,311.0,3797.759063290461,3483.830424262149,621.8330187589573,3619.254069484892,False
orbit_insertion,312.0,3795.5678367455826,3483.830424262149,620.6975366309607,3619.254069484892,False
orbit_insertion,313.0,3793.3793758778884,3483.830424262149,619.5662101381994,3619.254069484892,False
orbit_insertion,314.0,3791.193675034911,3483.830424262149,618.4390164201382,3619.254069484892,False
orbit_insertion,315.0,3789.0107285805507,3483.830424262149,617.3159327842571,3619.254069484892,False
orbit_insertion,316.0,3786.830530895009,3483.830424262149,616.1969367045047,3619.254069484892,False
orbit_insertion,317.0,3784.6530763747255,3483.830424262149,615.0820058197676,3619.254069484892,False
orbit_insertion,318.0,3782.478359432322,3483.830424262149,613.9711179323589,3619.254069484892,False
orbit_insertion,319.0,3780.3063744965357,3483.830424262149,612.8642510065216,3619.254069484892,False
orbit_insertion,320.0,3778.137116012162,3483.830424262149,611.7613831669504,3619.254069484892,False
orbit_insertion,321.0,3775.970578439996,3483.830424262149,610.6624926973273,3619.254069484892,False
orbit_insertion,322.0,3773.8067562567653,3483.830424262149,609.5675580388756,3619.254069484892,False
orbit_insertion,323.0,3771.645643955075,3483.830424262149,608.476557788927,3619.254069484892,False
orbit_insertion,324.0,3769.487236043347,3483.830424262149,607.3894706995087,3619.254069484892,False
orbit_insertion,325.0,3767.331527045761,3483.830424262149,606.3062756759396,3619.254069484892,False
orbit_insertion,326.0,3765.1785115021958,3483.830424262149,605.2269517754485,3619.254069484892,False
orbit_insertion,327.0,3763.028183968166,3483.830424262149,604.1514782058033,3619.254069484892,False
orbit_insertion,328.0,3760.8805390147722,3483.830424262149,603.079834323954,3619.254069484892,False
orbit_insertion,329.0,3758.735571228632,3483.830424262149,602.0119996346955,3619.254069484892,False
orbit_insertion,330.0,3756.5932752118315,3483.830424262149,600.9479537893394,3619.254069484892,False
orbit_insertion,331.0,3754.4536455818593,3483.830424262149,599.8876765844027,3619.254069484892,False
orbit_insertion,332.0,3752.316676971557,3483.830424262149,598.8311479603112,3619.254069484892,False
orbit_insertion,333.0,3750.1823640290568,3483.830424262149,597.7783480001149,3619.254069484892,False
orbit_insertion,334.0,3748.0507014177233,3483.830424262149,596.7292569282189,3619.254069484892,False
orbit_insertion,335.0,3745.9216838161024,3483.830424262149,595.6838551091258,3619.254069484892,False
orbit_insertion,336.0,3743.7953059178594,3483.830424262149,594.642123046196,3619.254069484892,False
orbit_insertion,337.0,3741.6715624317258,3483.830424262149,593.6040413804142,3619.254069484892,False
orbit_insertion,338.0,3739.5504480814434,3483.830424262149,592.569590889175,3619.254069484892,False
orbit_insertion,339.0,3737.4319576057055,3483.830424262149,591.5387524850803,3619.254069484892,False
orbit_insertion,340.0,3735.3160857581065,3483.830424262149,590.5115072147458,3619.254069484892,False
orbit_insertion,341.0,3733.2028273070823,3483.830424262149,589.4878362576255,3619.254069484892,False
orbit_insertion,342.0,3731.092177035857,3483.830424262149,588.4677209248447,3619.254069484892,False
orbit_insertion,343.0,3728.984129742388,3483.830424262149,587.4511426580464,3619.254069484892,False
orbit_insertion,344.0,3726.8786802393156,3483.830424262149,586.43808302825,3619.254069484892,False
orbit_insertion,345.0,3724.775823353899,3483.830424262149,585.4285237347236,3619.254069484892,False
orbit_insertion,346.0,3722.675553927973,3483.830424262149,584.422446603863,3619.254069484892,False
orbit_insertion,347.0,3720.5778668178878,3483.830424262149,583.4198335880908,3619.254069484892,False
orbit_insertion,348.0,3718.4827568944593,3483.830424262149,582.4206667647575,3619.254069484892,False
orbit_insertion,349.0,3716.390219042912,3483.830424262149,581.424928335062,3619.254069484892,False
orbit_insertion,350.0,3714.3002481628305,3483.830424262149,580.4326006229787,3619.254069484892,False
orbit_insertion,351.0,3712.212839168103,3483.830424262149,579.4436660741976,3619.254069484892,False
orbit_insertion,352.0,3710.12798698687,3483.830424262149,578.4581072550748,3619.254069484892,False
orbit_insertion,353.0,3708.0456865614756,3483.830424262149,577.4759068515925,3619.254069484892,False
orbit_insertion,354.0,3705.965932848409,3483.830424262149,576.4970476683357,3619.254069484892,False
orbit_insertion,355.0,3703.8887208182578,3483.830424262149,575.5215126274691,3619.254069484892,False
orbit_insertion,356.0,3701.814045455655,3483.830424262149,574.5492847677353,3619.254069484892,False
orbit_insertion,357.0,3699.741901759227,3483.830424262149,573.5803472434568,3619.254069484892,False
orbit_insertion,358.0,3697.6722847415426,3483.830424262149,572.6146833235491,3619.254069484892,False
orbit_insertion,359.0,3695.6051894290645,3483.830424262149,571.6522763905459,3619.254069484892,False
orbit_insertion,360.0,3693.540610862096,3483.830424262149,570.6931099396326,3619.254069484892,False
orbit_insertion,361.0,3691.478544094731,3483.830424262149,569.7371675776902,3619.254069484892,False
orbit_insertion,362.0,3689.4189841948055,3483.830424262149,568.7844330223512,3619.254069484892,False
orbit_insertion,363.0,3687.3619262438465,3483.830424262149,567.8348901010578,3619.254069484892,False
orbit_insertion,364.0,3685.307365337022,3483.830424262149,566.8885227501399,3619.254069484892,False
orbit_insertion,365.0,3683.255296583092,3483.830424262149,565.9453150138945,3619.254069484892,False
orbit_insertion,366.0,3681.20571510436,3483.830424262149,565.0052510436791,3619.254069484892,False
orbit_insertion,367.0,3679.1586160366223,3483.830424262149,564.0683150970096,3619.254069484892,False
orbit_insertion,368.0,3677.1139945291225,3483.830424262149,563.1344915366731,3619.254069484892,False
orbit_insertion,369.0,3675.071845744497,3483.830424262149,562.2037648298453,3619.254069484892,False
orbit_insertion,370.0,3673.032164858734,3483.830424262149,561.276119547218,3619.254069484892,False
orbit_insertion,371.0,3670.9949470611195,3483.830424262149,560.3515403621353,3619.254069484892,False
orbit_insertion,372.0,3668.960187554191,3483.830424262149,559.4300120497398,3619.254069484892,False
orbit_insertion,373.0,3666.9278815536923,3483.830424262149,558.5115194861252,3619.254069484892,False
orbit_insertion,374.0,3664.898024288524,3483.830424262149,557.5960476474982,3619.254069484892,False
orbit_insertion,375.0,3662.8706110006938,3483.830424262149,556.6835816093507,3619.254069484892,False
orbit_insertion,376.0,3660.845636945274,3483.830424262149,555.7741065456354,3619.254069484892,False
orbit_insertion,377.0,3658.8230973903524,3483.830424262149,554.8676077279557,3619.254069484892,False
orbit_insertion,378.0,3656.802987616985,3483.830424262149,553.9640705247592,3619.254069484892,False
orbit_insertion,379.0,3654.78530291915,3483.830424262149,553.0634804005401,3619.254069484892,False
orbit_insertion,380.0,3652.770038603705,3483.830424262149,552.1658229150503,3619.254069484892,False
orbit_insertion,381.0,3650.757189990333,3483.830424262149,551.27108372252,3619.254069484892,False
orbit_insertion,382.0,3648.7467524115045,3483.830424262149,550.3792485708803,3619.254069484892,False
orbit_insertion,383.0,3646.7387212124295,3483.830424262149,549.490303301,3619.254069484892,False
orbit_insertion,384.0,3644.733091751008,3483.830424262149,548.6042338459263,3619.254069484892,False
orbit_insertion,385.0,3642.729859397793,3483.830424262149,547.7210262301321,3619.254069484892,False
orbit_insertion,386.0,3640.729019535935,3483.830424262149,546.8406665687743,3619.254069484892,False
orbit_insertion,387.0,3638.7305675611474,3483.830424262149,545.9631410669573,3619.254069484892,False
orbit_insertion,388.0,3636.7344988816553,3483.830424262149,545.0884360190012,3619.254069484892,False
orbit_insertion,389.0,3634.740808918154,3483.830424262149,544.2165378077224,3619.254069484892,False
orbit_insertion,390.0,3632.7494931037622,3483.830424262149,543.3474329037165,3619.254069484892,False
orbit_insertion,391.0,3630.76054688398,3483.830424262149,542.481107864651,3619.254069484892,False
orbit_insertion,392.0,3628.7739657166467,3483.830424262149,541.617549334564,3619.254069484892,False
orbit_insertion,393.0,3626.7897450718933,3483.830424262149,540.7567440431685,3619.254069484892,False
orbit_insertion,394.0,3624.8078804321003,3483.830424262149,539.8986788051659,3619.254069484892,False
orbit_insertion,395.0,3622.8283672918556,3483.830424262149,539.0433405195631,3619.254069484892,False
orbit_insertion,396.0,3620.8512011579123,3483.830424262149,538.1907161690004,3619.254069484892,False
orbit_insertion,397.0,3618.876377549142,3483.830424262149,537.3407928190808,3619.254069484892,False
orbit_insertion,398.0,3616.903891996495,3483.830424262149,536.4935576177086,3619.254069484892,False
orbit_insertion,399.0,3614.933740042959,3483.830424262149,535.6489977944349,3619.254069484892,False
orbit_insertion,400.0,3612.9659172435104,3483.830424262149,534.8071006598078,3619.254069484892,False
